"","date","total_cases","new_cases","total_deaths","new_deaths","reproduction_rate","people_vaccinated","population"
"1",2020-01-01,0,0,0,0,NA,0,173014444
"2",2020-01-02,0,0,0,0,NA,0,173014444
"3",2020-01-03,0,0,0,0,NA,0,173014444
"4",2020-01-04,0,0,0,0,NA,0,244711468
"5",2020-01-05,0,0,0,0,NA,0,244711468
"6",2020-01-06,0,0,0,0,NA,0,247888186
"7",2020-01-07,0,0,0,0,NA,0,244711468
"8",2020-01-08,0,0,0,0,NA,0,244711468
"9",2020-01-09,0,0,0,0,NA,0,244711468
"10",2020-01-10,0,0,0,0,NA,0,244711468
"11",2020-01-11,0,0,0,0,NA,0,244711468
"12",2020-01-12,0,0,0,0,NA,0,244711468
"13",2020-01-13,0,0,0,0,NA,0,244711468
"14",2020-01-14,0,0,0,0,NA,0,244711468
"15",2020-01-15,0,0,0,0,NA,0,244711468
"16",2020-01-16,0,0,0,0,NA,0,268604864
"17",2020-01-17,0,0,0,0,NA,0,268604864
"18",2020-01-18,0,0,0,0,NA,0,271781582
"19",2020-01-19,0,0,0,0,NA,0,268604864
"20",2020-01-20,0,0,0,0,NA,0,268604864
"21",2020-01-21,0,0,0,0,NA,0,268604864
"22",2020-01-22,557,0,17,0,NA,0,2209244764
"23",2020-01-23,657,100,18,1,3.07,0,2359011833
"24",2020-01-24,944,287,26,8,3.29,0,2460763049
"25",2020-01-25,1437,493,42,16,3.5,0,2491310635
"26",2020-01-26,2120,683,56,14,3.59,0,2517488045
"27",2020-01-27,2929,809,82,26,3.65,0,2639457886
"28",2020-01-28,5580,2651,131,49,3.66,0,2639457886
"29",2020-01-29,6169,589,133,2,3.29,0,2654439769
"30",2020-01-30,8237,2068,172,39,3.05,0,4255610602
"31",2020-01-31,9927,1690,214,42,2.82,0,4459361386
"32",2020-02-01,12038,2111,260,46,2.68,0,4517469367
"33",2020-02-02,16787,4749,364,104,2.59,0,4525471469
"34",2020-02-03,19887,3100,428,64,2.35,0,4528251941
"35",2020-02-04,23899,4012,494,66,2.1,0,4539907864
"36",2020-02-05,27644,3745,566,72,1.97,0,4541233928
"37",2020-02-06,30806,3162,636,70,1.73,0,4541233928
"38",2020-02-07,34339,3533,721,85,1.61,0,4638585788
"39",2020-02-08,37070,2731,808,87,1.49,0,4638585788
"40",2020-02-09,40098,3028,908,100,1.41,0,4638585788
"41",2020-02-10,42636,2538,1015,107,1.4,0,4638585788
"42",2020-02-11,44679,2043,1115,100,1.41,0,4638585788
"43",2020-02-12,45057,378,1120,5,1.57,0,4646518367
"44",2020-02-13,60209,15152,1373,253,1.8,0,4638585788
"45",2020-02-14,66694,6485,1525,152,1.52,0,4749575884
"46",2020-02-15,68770,2076,1668,143,1.2,0,4749575884
"47",2020-02-16,70883,2113,1772,104,0.95,0,4749575884
"48",2020-02-17,72819,1936,1870,98,0.78,0,4767419798
"49",2020-02-18,74613,1794,2010,140,0.63,0,4767419798
"50",2020-02-19,75034,421,2125,115,0.54,0,4855970366
"51",2020-02-20,75582,548,2248,123,0.42,0,4865419366
"52",2020-02-21,76212,630,2252,4,3.04,0,4870909110
"53",2020-02-22,77974,1762,2460,208,1.28,0,4870909110
"54",2020-02-23,78299,325,2470,10,1.16,0,4890512846
"55",2020-02-24,78867,568,2630,160,2.275,0,4987102766
"56",2020-02-25,79721,854,2710,80,2.125,0,5292383625
"57",2020-02-26,80679,959,2770,60,2.08,0,5555885233
"58",2020-02-27,82023,1344,2813,43,3.1,0,5573449253
"59",2020-02-28,83447,1424,2870,57,2.82,0,5824400069
"60",2020-02-29,85318,1871,2940,70,2.53,0,5834039143
"61",2020-03-01,87697,2379,2994,54,2.35,0,5899540303
"62",2020-03-02,89677,1980,3084,90,2.455,0,6211530314
"63",2020-03-03,92288,2611,3158,74,2.575,0,6272485237
"64",2020-03-04,94610,2322,3254,96,2.525,0,6340484690
"65",2020-03-05,97321,2711,3349,95,2.58,0,6349501589
"66",2020-03-06,101251,3930,3463,114,2.58,0,6528974787
"67",2020-03-07,105382,4131,3567,104,2.505,0,6541221532
"68",2020-03-08,109236,3854,3809,242,2.47,0,6723882653
"69",2020-03-09,113559,4323,4003,194,2.47,0,6728740237
"70",2020-03-10,118345,4786,4278,275,2.395,0,6754812374
"71",2020-03-11,125821,7504,4629,351,2.3,0,6992808740
"72",2020-03-12,132577,6756,4950,321,2.22,0,7005001448
"73",2020-03-13,145771,13194,5453,503,2.3,0,7212510964
"74",2020-03-14,156659,10888,5879,426,2.265,0,7303365291
"75",2020-03-15,167892,11233,6545,666,1.98,0,7351324568
"76",2020-03-16,182459,14567,7260,715,1.995,0,7448239175
"77",2020-03-17,197633,15174,8111,851,1.995,0,7457156588
"78",2020-03-18,215187,17554,9065,954,2.01,0,7486229621
"79",2020-03-19,242274,27087,10207,1144,2,0,7520341945
"80",2020-03-20,271804,29532,11782,1575,1.96,0,7707026504
"81",2020-03-21,304231,32433,13589,1808,1.96,0,7757960133
"82",2020-03-22,338409,34178,15419,1830,1.935,0,7814594410
"83",2020-03-23,380960,42551,17515,2096,1.87,0,7818169695
"84",2020-03-24,422833,41888,19939,2424,1.755,0,7825798651
"85",2020-03-25,474313,51480,22910,2971,1.68,0,7850545510
"86",2020-03-26,535123,60810,26163,3256,1.67,0,7850545510
"87",2020-03-27,599036,63913,29801,3638,1.62,0,7904724822
"88",2020-03-28,668598,69562,33850,4049,1.575,0,7904817757
"89",2020-03-29,725101,56503,37669,3819,1.51,0,7925223075
"90",2020-03-30,790104,65003,42037,4368,1.44,0,7927853375
"91",2020-03-31,868543,78439,47205,5168,1.43,0,7949348681
"92",2020-04-01,954859,86316,53846,6641,1.38,0,7949348681
"93",2020-04-02,1037272,82414,60088,6242,1.35,0,7975445149
"94",2020-04-03,1121466,84194,66588,6500,1.32,0,7975445149
"95",2020-04-04,1181545,77156,72947,6591,1.29,0,7975498524
"96",2020-04-05,1253241,71696,78867,5920,1.265,0,7986417581
"97",2020-04-06,1327911,74670,85294,6427,1.235,0,7986644974
"98",2020-04-07,1396843,72426,93810,8516,1.2,0,7986644974
"99",2020-04-08,1478996,82153,101029,7219,1.19,0,7986644974
"100",2020-04-09,1566157,87161,109182,8153,1.18,0,7986644974
"101",2020-04-10,1652578,86421,116922,7740,1.16,0,8020341586
"102",2020-04-11,1728062,75484,123904,6982,1.125,0,8020341586
"103",2020-04-12,1846622,118581,130418,6514,1.11,0,8020341586
"104",2020-04-13,1918446,71824,136930,6512,1.13,0,8020341586
"105",2020-04-14,2003049,84603,144285,7357,1.105,0,8020341586
"106",2020-04-15,2081308,78259,153050,8765,1.115,0,8020341586
"107",2020-04-16,2175762,94454,160758,7708,1.105,0,8020341586
"108",2020-04-17,2263625,87863,169644,7591,1.075,0,8020341586
"109",2020-04-18,2341844,78220,176072,6428,1.06,0,8020341586
"110",2020-04-19,2418159,76315,182171,6099,1.055,0,8020341586
"111",2020-04-20,2494640,76481,188682,6511,1.03,0,8020341586
"112",2020-04-21,2570717,76077,195879,7197,1,0,8020341586
"113",2020-04-22,2652731,82014,203154,7275,0.995,0,8020341586
"114",2020-04-23,2735412,84390,210426,7272,0.98,0,8020341586
"115",2020-04-24,2818980,93602,217260,6835,0.985,0,8020341586
"116",2020-04-25,2902129,83149,223308,6048,0.96,0,8020341586
"117",2020-04-26,2972890,70762,228126,4818,0.95,0,8020341586
"118",2020-04-27,3043916,71026,233571,5445,0.95,0,8020341586
"119",2020-04-28,3119669,75753,240198,6627,0.93,0,8020341586
"120",2020-04-29,3196985,78771,247178,6980,0.93,0,8020341586
"121",2020-04-30,3280684,83699,253432,6254,0.93,0,8021178369
"122",2020-05-01,3369648,88964,259020,5594,0.94,0,8031131158
"123",2020-05-02,3447871,78390,265033,6013,0.95,0,8031131158
"124",2020-05-03,3521877,74022,269310,4277,0.965,0,8031131158
"125",2020-05-04,3599482,77611,274153,4843,0.98,0,8031131158
"126",2020-05-05,3679137,79655,280300,6147,1.01,0,8031131158
"127",2020-05-06,3769575,90438,287063,6763,0.975,0,8031131158
"128",2020-05-07,3858128,90136,292932,5869,0.99,0,8031172751
"129",2020-05-08,3948541,91893,298885,5953,1.005,0,8031172751
"130",2020-05-09,4032782,84241,303802,4917,1.015,0,8031172751
"131",2020-05-10,4107995,75213,308140,4338,1.01,0,8031172751
"132",2020-05-11,4184172,76234,312219,4079,1.02,0,8031172751
"133",2020-05-12,4269555,85403,317951,5738,1.01,0,8031172751
"134",2020-05-13,4353970,84416,323388,5437,1.01,0,8033478577
"135",2020-05-14,4449612,95643,329139,5751,1.02,0,8033478577
"136",2020-05-15,4545942,96330,334895,5756,1.015,0,8033478577
"137",2020-05-16,4639849,93907,339436,4541,1,0,8033478577
"138",2020-05-17,4718196,78347,343314,3878,1.015,0,8033478577
"139",2020-05-18,4807335,89139,347709,4396,1.025,0,8033478577
"140",2020-05-19,4902939,95813,352678,5186,1.02,0,8033478577
"141",2020-05-20,5008360,105421,358084,5406,1.02,0,8033478577
"142",2020-05-21,5114314,106058,363119,5035,1.02,0,8033478577
"143",2020-05-22,5221562,107248,368824,5705,1.03,0,8033478577
"144",2020-05-23,5325669,104107,373277,4453,1.04,0,8033478577
"145",2020-05-24,5418876,93646,376680,3483,1.04,0,8033478577
"146",2020-05-25,5507087,88583,378374,3614,1.04,0,8033478577
"147",2020-05-26,5599445,92358,383153,4779,1.04,0,8033478577
"148",2020-05-27,5701996,102551,388373,5220,1.04,0,8033478577
"149",2020-05-28,5821989,119993,393365,4992,1.04,0,8033478577
"150",2020-05-29,5943464,121475,398521,5156,1.06,0,8033478577
"151",2020-05-30,6078504,135040,402882,4361,1.06,0,8033478577
"152",2020-05-31,6181363,102859,406171,3289,1.04,0,8033478577
"153",2020-06-01,6281643,100280,409912,3744,1.045,0,8033478577
"154",2020-06-02,6404388,123392,415176,5264,1.06,0,8033478577
"155",2020-06-03,6515641,114479,420796,5620,1.04,0,8033478577
"156",2020-06-04,6653967,138326,426323,5527,1.05,0,8033478577
"157",2020-06-05,6787529,133562,431380,5057,1.04,0,8033478577
"158",2020-06-06,6916860,129331,435520,4140,1.04,0,8033478577
"159",2020-06-07,7027871,111011,438777,3257,1.04,0,8033478577
"160",2020-06-08,7130922,103051,443232,4455,1.04,0,8033478577
"161",2020-06-09,7256917,125995,448277,5045,1.06,0,8033478577
"162",2020-06-10,7394107,137190,453705,5428,1.06,0,8033478577
"163",2020-06-11,7530299,136192,458845,5142,1.06,0,8033478577
"164",2020-06-12,7657772,127473,463589,4744,1.065,0,8033478577
"165",2020-06-13,7791673,133901,467981,4393,1.065,0,8033478577
"166",2020-06-14,7923618,131945,471762,3781,1.085,0,8033478577
"167",2020-06-15,8048540,124922,475829,4067,1.07,0,8033478577
"168",2020-06-16,8192450,143910,482948,7119,1.06,0,8033478577
"169",2020-06-17,8335652,143202,488425,5477,1.065,0,8033478577
"170",2020-06-18,8478748,143096,493780,5355,1.065,0,8033478577
"171",2020-06-19,8659732,181132,500141,5182,1.05,0,8033478577
"172",2020-06-20,8845611,185879,504623,4482,1.04,0,8033478577
"173",2020-06-21,8938672,112857,509266,4644,1.04,0,8033478577
"174",2020-06-22,9081007,142336,513133,3867,1.03,0,8033478577
"175",2020-06-23,9249188,168184,518701,5568,1.03,0,8033478577
"176",2020-06-24,9420654,171466,524199,5529,1.04,0,8033478577
"177",2020-06-25,9600164,179510,529309,5110,1.03,0,8033478577
"178",2020-06-26,9792637,192473,534392,5083,1.03,0,8033478577
"179",2020-06-27,9969034,176397,539128,4736,1.03,0,8033478577
"180",2020-06-28,10137487,168862,542746,3619,1.03,0,8033478577
"181",2020-06-29,10290201,152714,546820,4074,1.03,0,8033478577
"182",2020-06-30,10473955,183754,552070,5250,1.02,0,8033478577
"183",2020-07-01,10689086,215131,557411,5341,1.03,0,8033478577
"184",2020-07-02,10894047,204961,562918,5507,1.04,0,8033478577
"185",2020-07-03,11096672,202626,568161,5243,1.04,0,8033478577
"186",2020-07-04,11286377,189705,572954,4795,1.04,0,8033478577
"187",2020-07-05,11472592,186215,576788,3838,1.05,0,8033478577
"188",2020-07-06,11640872,168280,581067,4279,1.05,0,8033478577
"189",2020-07-07,11850453,209581,587427,6360,1.04,0,8033478577
"190",2020-07-08,12065715,215262,593055,5632,1.03,0,8033478577
"191",2020-07-09,12290286,224571,598901,5846,1.03,0,8033478577
"192",2020-07-10,12523387,233101,604647,5747,1.04,0,8033478577
"193",2020-07-11,12736186,212799,609776,5129,1.04,0,8033478577
"194",2020-07-12,12929115,192929,614090,4314,1.04,0,8033478577
"195",2020-07-13,13123593,194478,618517,4427,1.04,0,8033478577
"196",2020-07-14,13344595,221002,624493,5978,1.035,0,8033478577
"197",2020-07-15,13574371,229776,630419,5926,1.035,0,8033478577
"198",2020-07-16,13819268,244897,636591,6172,1.05,0,8033478577
"199",2020-07-17,14056706,237438,643611,5963,1.05,0,8033478577
"200",2020-07-18,14292027,235321,650142,6533,1.055,0,8033478577
"201",2020-07-19,14503914,211887,655055,4913,1.07,0,8033478577
"202",2020-07-20,14712087,208173,658999,3944,1.07,0,8033478577
"203",2020-07-21,14955098,243121,665359,6373,1.07,0,8033478577
"204",2020-07-22,15230451,275355,672759,7400,1.07,0,8033478577
"205",2020-07-23,15510092,279642,679416,6657,1.05,0,8033478577
"206",2020-07-24,15793593,283501,685858,6442,1.05,0,8033478577
"207",2020-07-25,16043140,249547,691942,6084,1.05,0,8033478577
"208",2020-07-26,16254939,211799,696327,4385,1.05,0,8033478577
"209",2020-07-27,16489329,234394,701630,5321,1.05,0,8033478577
"210",2020-07-28,16753205,263876,708565,6935,1.04,0,8033478577
"211",2020-07-29,17023443,270238,715214,6649,1.03,0,8033478577
"212",2020-07-30,17305206,281763,721985,6775,1.02,0,8033478577
"213",2020-07-31,17592660,287454,728572,6587,1.01,0,8033478577
"214",2020-08-01,17838908,246248,734584,6012,1.02,0,8033478577
"215",2020-08-02,18069511,230603,739260,4689,1,0,8033478577
"216",2020-08-03,18275584,206074,744090,4830,1,0,8033478577
"217",2020-08-04,18540899,265315,751264,7177,1.01,0,8033478577
"218",2020-08-05,18816051,275152,758668,7404,1.01,0,8033478577
"219",2020-08-06,19102769,286718,765502,6834,1.01,0,8033478577
"220",2020-08-07,19385201,282432,772252,6754,1.01,0,8033478577
"221",2020-08-08,19650430,265229,778292,6040,1.02,0,8033478577
"222",2020-08-09,19883423,232995,783486,5194,1.035,0,8033478577
"223",2020-08-10,20116643,233220,788864,5378,1.04,0,8033478577
"224",2020-08-11,20382203,265561,795479,6615,1.03,0,8033478577
"225",2020-08-12,20657279,275076,802429,6952,1.03,0,8033478577
"226",2020-08-13,20947379,290116,809222,6793,1.025,0,8033478577
"227",2020-08-14,21254463,307084,815807,6586,1.02,0,8033478577
"228",2020-08-15,21503478,249015,821839,6032,1.005,0,8033478577
"229",2020-08-16,21713513,210077,826643,4804,1.01,0,8033478577
"230",2020-08-17,21926398,212885,831285,4642,1.01,0,8033478577
"231",2020-08-18,22185816,259418,838341,7056,1,0,8033478577
"232",2020-08-19,22463283,277467,844747,6407,0.99,0,8033478577
"233",2020-08-20,22734753,271470,851194,6447,0.98,0,8033478577
"234",2020-08-21,22996712,261959,856946,6195,0.98,0,8033478577
"235",2020-08-22,23260238,263526,862728,5782,0.98,0,8033478577
"236",2020-08-23,23462986,202748,867062,4334,0.98,0,8033478577
"237",2020-08-24,23691086,228200,871899,4837,0.98,0,8033478577
"238",2020-08-25,23936286,245200,878466,6567,0.98,0,8033478577
"239",2020-08-26,24217967,281681,885018,6669,0.98,0,8033478577
"240",2020-08-27,24505220,287253,891233,6215,0.99,0,8033478577
"241",2020-08-28,24789150,285278,897053,5820,0.99,0,8033478577
"242",2020-08-29,25049860,260710,902840,5787,0.99,0,8033478577
"243",2020-08-30,25269587,219727,907114,4274,0.98,0,8033478577
"244",2020-08-31,25533897,264310,911544,4430,0.98,0,8033478577
"245",2020-09-01,25800778,266881,918151,6615,0.98,0,8033478577
"246",2020-09-02,26082654,281888,924450,6302,0.99,0,8033478577
"247",2020-09-03,26368067,285413,930549,6099,0.99,0,8033478577
"248",2020-09-04,26669789,301722,936390,5862,0.99,0,8033478577
"249",2020-09-05,26943481,273692,941485,5095,1,0,8033478577
"250",2020-09-06,27172469,228988,945620,4135,1,0,8033478577
"251",2020-09-07,27389752,225236,955243,5771,1,0,8033483978
"252",2020-09-08,27636254,246502,960366,5123,1.01,0,8033483978
"253",2020-09-09,27921547,285293,966631,6265,1.02,0,8033483978
"254",2020-09-10,28225944,304397,972635,6035,1.01,0,8033483978
"255",2020-09-11,28542300,316356,978634,6000,1.02,0,8033483978
"256",2020-09-12,28830988,288688,983691,5057,1.03,0,8033483978
"257",2020-09-13,29079811,248823,987656,3965,1.04,0,8033483978
"258",2020-09-14,29346963,267152,992260,4604,1.04,0,8033483978
"259",2020-09-15,29627493,280530,998824,6564,1.03,0,8033483978
"260",2020-09-16,29932447,304954,1004693,5869,1.03,0,8033483978
"261",2020-09-17,30248015,315568,1010344,5651,1.02,0,8033483978
"262",2020-09-18,30574640,326625,1016199,5855,1.02,0,8033483978
"263",2020-09-19,30867721,293081,1021472,5273,1.01,0,8033483978
"264",2020-09-20,31122826,255105,1025460,3988,1.01,0,8033483978
"265",2020-09-21,31382755,259929,1029889,4429,1.01,0,8033483978
"266",2020-09-22,31667053,284298,1036040,6151,1.01,0,8033483978
"267",2020-09-23,31978692,311639,1042590,6550,1.01,0,8033483978
"268",2020-09-24,32299591,320899,1048250,5660,1.01,0,8033483978
"269",2020-09-25,32629596,330005,1054269,6019,1.01,0,8033483978
"270",2020-09-26,32915261,285665,1059700,5431,1.01,0,8033483978
"271",2020-09-27,33162233,247064,1063583,3883,1.01,0,8033483978
"272",2020-09-28,33424987,262754,1067703,4120,1,0,8033483978
"273",2020-09-29,33707761,282774,1073765,6062,1.01,0,8033483978
"274",2020-09-30,34032288,324527,1080191,6426,1.01,0,8033483978
"275",2020-10-01,34351389,319101,1089084,8893,1.01,0,8033483978
"276",2020-10-02,34680863,329474,1094764,5685,1.005,0,8033483978
"277",2020-10-03,34978152,297289,1099545,4781,1.01,0,8033483978
"278",2020-10-04,35238644,260492,1103570,4025,1.02,0,8033483978
"279",2020-10-05,35550014,311370,1110662,4303,1.02,0,8033483978
"280",2020-10-06,35866067,316053,1116522,5860,1.02,0,8033483978
"281",2020-10-07,36215307,349240,1122447,5928,1.02,0,8033483978
"282",2020-10-08,36574598,359291,1128829,6385,1.03,0,8033483978
"283",2020-10-09,36934982,360384,1135021,6192,1.03,0,8033483978
"284",2020-10-10,37290425,355443,1139925,4904,1.04,0,8033483978
"285",2020-10-11,37579851,289426,1144120,4195,1.04,0,8033483978
"286",2020-10-12,37869885,290034,1148251,4131,1.04,0,8034208250
"287",2020-10-13,38189249,319364,1153586,5335,1.045,0,8034208250
"288",2020-10-14,38569932,380683,1159752,6167,1.05,0,8034208250
"289",2020-10-15,38976863,406931,1165962,6210,1.055,0,8034208250
"290",2020-10-16,39387344,410481,1172182,6220,1.06,0,8034208250
"291",2020-10-17,39759378,372034,1177909,5727,1.055,0,8034208250
"292",2020-10-18,40090561,331183,1181890,3981,1.055,0,8034208250
"293",2020-10-19,40465519,374958,1186733,4843,1.055,0,8034219846
"294",2020-10-20,40854306,388787,1193361,6628,1.06,0,8034219846
"295",2020-10-21,41293791,439485,1200270,6909,1.06,0,8034219846
"296",2020-10-22,41775810,482019,1206228,5958,1.05,0,8034219846
"297",2020-10-23,42269632,493822,1213335,7107,1.045,0,8034219846
"298",2020-10-24,42725850,456218,1219253,5918,1.04,0,8034219846
"299",2020-10-25,43084629,358779,1223618,4386,1.045,0,8034219846
"300",2020-10-26,43567740,483111,1229455,5837,1.045,0,8034219846
"301",2020-10-27,44036142,468402,1236866,7411,1.06,0,8034219846
"302",2020-10-28,44557801,521659,1244043,7183,1.06,0,8034219846
"303",2020-10-29,45109179,551378,1251281,7238,1.06,0,8034219846
"304",2020-10-30,45680898,571719,1259055,7774,1.05,0,8034219846
"305",2020-10-31,46152923,472025,1265702,6647,1.065,0,8034219846
"306",2020-11-01,46592027,439104,1271058,5356,1.055,0,8034219846
"307",2020-11-02,47140450,548423,1277384,6326,1.045,0,8034219846
"308",2020-11-03,47705864,565414,1286957,9575,1.05,0,8034219846
"309",2020-11-04,48198011,538606,1296887,9965,1.05,0,8034219846
"310",2020-11-05,48817283,619273,1305604,8717,1.04,0,8034219846
"311",2020-11-06,49440320,623037,1314796,9192,1.05,0,8034219846
"312",2020-11-07,50039344,599024,1322582,7786,1.05,0,8034219846
"313",2020-11-08,50530166,490822,1328982,6401,1.04,0,8034219846
"314",2020-11-09,51040032,509866,1336563,7581,1.04,0,8034219846
"315",2020-11-10,51610928,570896,1346314,9751,1.04,0,8034546590
"316",2020-11-11,52235556,624628,1356730,10416,1.04,0,8034546590
"317",2020-11-12,52875676,640120,1366448,9718,1.04,0,8034546590
"318",2020-11-13,53536637,660961,1376380,9932,1.03,0,8034546590
"319",2020-11-14,54123314,586677,1385518,9138,1.03,0,8034546590
"320",2020-11-15,54613468,490154,1392477,6959,1.03,0,8034546590
"321",2020-11-16,55139314,525846,1400534,8057,1.03,0,8034546590
"322",2020-11-17,55741390,602076,1411508,10974,1.03,0,8034546590
"323",2020-11-18,56363596,622206,1422980,11472,1.03,0,8034768980
"324",2020-11-19,57017451,653855,1434122,11142,1.02,0,8034768980
"325",2020-11-20,57691600,674149,1445874,11752,1.02,0,8034768980
"326",2020-11-21,58283927,592327,1455178,9304,1.03,0,8034768980
"327",2020-11-22,58781939,498012,1462847,7669,1.02,0,8034768980
"328",2020-11-23,59316259,534320,1471576,8729,1.02,0,8034768980
"329",2020-11-24,59906885,590626,1484098,12522,1.02,0,8034768980
"330",2020-11-25,60523984,617099,1496122,12024,1.01,0,8034768980
"331",2020-11-26,61113009,589025,1507057,10935,1.02,0,8034768980
"332",2020-11-27,61808357,695348,1518578,11521,1.02,0,8034768980
"333",2020-11-28,62415697,607340,1528093,9515,1.02,0,8034768980
"334",2020-11-29,62911221,495524,1535750,7657,1.02,0,8034768980
"335",2020-11-30,63417948,506727,1544798,9048,1.02,0,8034768980
"336",2020-12-01,64032686,614738,1557248,12450,1.02,0,8034768980
"337",2020-12-02,64672952,640266,1569638,12390,1.02,0,8034768980
"338",2020-12-03,65363510,690558,1582347,12709,1.02,0,8034768980
"339",2020-12-04,66059914,696404,1594817,12470,1.02,1,8034768980
"340",2020-12-05,66701998,642084,1605418,10601,1.03,0,8034768980
"341",2020-12-06,67245829,543831,1613511,8093,1.03,0,8034768980
"342",2020-12-07,67780945,535116,1622355,8844,1.03,2,8034768980
"343",2020-12-08,68411353,630408,1634391,12038,1.03,6,8034768980
"344",2020-12-09,69076711,665358,1646948,12557,1.01,9,8034768980
"345",2020-12-10,70571994,672060,1659368,12420,1.01,7,8034768980
"346",2020-12-11,71277728,705734,1672553,13185,1.02,13,8034768980
"347",2020-12-12,71926203,648475,1683382,10829,1.02,12,8034768980
"348",2020-12-13,72464903,538700,1691639,8257,1,33546,8034768980
"349",2020-12-14,73016110,551207,1700832,9193,1.01,38140,8034768980
"350",2020-12-15,73664611,648501,1714058,13226,1.01,113677,8034768980
"351",2020-12-16,74382183,717606,1727982,13924,1.01,242783,8034768980
"352",2020-12-17,75120715,738532,1741153,13171,1.01,515101,8034768980
"353",2020-12-18,75842127,721412,1754192,13039,1.015,930216,8034768980
"354",2020-12-19,76477369,635242,1765448,11256,1.01,1110924,8034768980
"355",2020-12-20,77024542,547173,1773822,8374,1.01,1223814,8034768980
"356",2020-12-21,77570917,546375,1783308,9486,1,1635329,8034768980
"357",2020-12-22,78222213,651296,1797184,13876,1,2178991,8034768980
"358",2020-12-23,78904301,682088,1810931,13747,1,2803207,8034768980
"359",2020-12-24,79597572,693271,1823136,12205,1,3094234,8034768980
"360",2020-12-25,80116254,518682,1832166,9030,1,3150488,8034768980
"361",2020-12-26,80623309,507055,1840107,7941,1,3327622,8034768980
"362",2020-12-27,81036442,413133,1848225,8118,1,3587305,8034768980
"363",2020-12-28,81535761,499319,1857770,9556,1.01,4346575,8034768980
"364",2020-12-29,82207424,671663,1872743,14973,1,5336921,8034768980
"365",2020-12-30,82932731,725307,1888161,15418,1.03,6497329,8034768980
"366",2020-12-31,83772303,839572,1901656,13495,1.03,7151464,8034768980
"367",2021-01-01,84358941,586638,1911814,10158,1.02,7335025,8034768980
"368",2021-01-02,84940192,581251,1920650,8836,1.01,8624020,8034768980
"369",2021-01-03,85460453,520261,1928615,7965,1.02,8228453,8034768980
"370",2021-01-04,86018082,557629,1938565,9950,1.03,9312346,8034768980
"371",2021-01-05,86758878,740796,1953980,15415,1.03,10539671,8034768980
"372",2021-01-06,87549923,791045,1968902,14922,1.04,11623145,8034768980
"373",2021-01-07,88419804,869882,1983867,14965,1.035,13190469,8034768980
"374",2021-01-08,89255322,835518,1999080,15213,1.04,14721990,8034768980
"375",2021-01-09,90011416,756094,2012436,13356,1.04,14974167,8034768980
"376",2021-01-10,90612917,601501,2021991,9555,1.03,20809347,8034768980
"377",2021-01-11,91227517,614600,2032275,10284,1.02,21736804,8034768980
"378",2021-01-12,91919883,692366,2049261,16986,1.015,23611159,8034768980
"379",2021-01-13,92663182,743299,2065744,16483,1.01,27007411,8034768980
"380",2021-01-14,93422255,759073,2081459,15715,1.005,28624396,8035151816
"381",2021-01-15,94206138,783883,2097178,15719,0.995,31210596,8035151816
"382",2021-01-16,94862927,656789,2111212,14034,0.99,31946536,8035151816
"383",2021-01-17,95390496,527569,2121047,9835,0.985,33077126,8035151816
"384",2021-01-18,95907723,517228,2131493,10446,0.975,35719963,8035151816
"385",2021-01-19,96500477,592754,2147202,15709,0.97,38275575,8035151816
"386",2021-01-20,97187684,687207,2164935,17733,0.96,41009762,8035151816
"387",2021-01-21,97856468,668784,2182268,17333,0.97,44009709,8035265994
"388",2021-01-22,98520035,663567,2198338,16070,0.95,48171188,8035265994
"389",2021-01-23,99096650,576615,2212902,14564,0.955,48840081,8035265994
"390",2021-01-24,99558598,461948,2222660,9758,0.96,51377913,8035329323
"391",2021-01-25,100040196,481598,2233802,11142,0.965,53822871,8035329323
"392",2021-01-26,100601446,561250,2251183,17415,0.97,56434641,8035329323
"393",2021-01-27,101202436,600990,2268103,16920,0.96,59536787,8035329323
"394",2021-01-28,101817519,615083,2284670,16567,0.96,63040852,8035329323
"395",2021-01-29,102406486,588969,2300401,15731,0.96,66199562,8035329323
"396",2021-01-30,102921269,514783,2313724,13323,0.96,68199816,8035329323
"397",2021-01-31,103317814,396545,2323271,9547,0.95,70610652,8035329323
"398",2021-02-01,103760845,443031,2333521,10250,0.95,72751191,8035329323
"399",2021-02-02,104226333,465488,2348373,14852,0.945,75654353,8035329323
"400",2021-02-03,104751603,525270,2364240,15867,0.94,79185900,8035329323
"401",2021-02-04,105223339,471736,2377168,12928,0.94,83135482,8035329323
"402",2021-02-05,105759832,536493,2394353,17185,0.935,86478453,8035329323
"403",2021-02-06,106194974,435142,2406210,11857,0.94,87580018,8035329323
"404",2021-02-07,106546494,351520,2413977,7767,0.94,90738465,8035329323
"405",2021-02-08,106886441,339948,2423538,9648,0.94,91510037,8035329323
"406",2021-02-09,107293653,407212,2438275,14737,0.945,95492438,8035329323
"407",2021-02-10,107734109,440456,2452134,13859,0.945,99197927,8035329323
"408",2021-02-11,108177878,443769,2466008,13874,0.95,103555144,8035329323
"409",2021-02-12,108607467,429589,2478892,12884,0.95,109729795,8035329323
"410",2021-02-13,108987921,380454,2489576,10684,0.95,112482095,8035329323
"411",2021-02-14,109296553,308632,2496681,7105,0.96,107790929,8035329323
"412",2021-02-15,109577427,280874,2504499,7818,0.95,118555215,8035329323
"413",2021-02-16,109937198,359771,2515598,11099,0.96,121556597,8035329323
"414",2021-02-17,110323559,386361,2526951,11353,0.96,125702071,8035329323
"415",2021-02-18,110734353,410794,2538940,11990,0.96,128959346,8035329323
"416",2021-02-19,111144009,409656,2550593,11653,0.97,132018069,8035329323
"417",2021-02-20,111519170,375161,2559703,9110,0.99,136847474,8035329323
"418",2021-02-21,111838723,319553,2566493,6790,0.99,134813427,8035329323
"419",2021-02-22,112134308,295585,2573745,7252,1,141270149,8035329323
"420",2021-02-23,112527037,392729,2585226,11481,1,148400639,8035329323
"421",2021-02-24,112972001,444964,2597672,12446,1,151373711,8035329323
"422",2021-02-25,113424981,452980,2608579,10907,1,154021943,8035329323
"423",2021-02-26,113866940,441959,2619136,10557,1.01,157489642,8035329323
"424",2021-02-27,114263653,396713,2627867,8731,1.02,160044374,8035329323
"425",2021-02-28,114571432,307779,2634365,6498,1.02,163509727,8041760100
"426",2021-03-01,114876964,305532,2641972,7607,1.02,166026809,8041760100
"427",2021-03-02,115190218,387601,2652221,10249,1.02,177354685,8041760100
"428",2021-03-03,115632077,441859,2663726,11505,1.01,182313136,8041760100
"429",2021-03-04,116090523,458446,2674187,10462,1.01,187983127,8041760100
"430",2021-03-05,116539639,449116,2684670,10483,1.02,191564357,8041760100
"431",2021-03-06,116953650,414011,2692991,8321,1.02,194619272,8041760100
"432",2021-03-07,117328089,374439,2699071,6080,1.02,198165693,8041760100
"433",2021-03-08,117633609,305520,2706261,7190,1.03,206396376,8041760100
"434",2021-03-09,118047647,414038,2716756,10495,1.03,215730049,8041760100
"435",2021-03-10,118506511,458864,2726912,10156,1.03,219479914,8041760100
"436",2021-03-11,118996196,489685,2737126,10214,1.03,228854994,8041760100
"437",2021-03-12,119485453,489257,2746986,9860,1.04,227480443,8041760100
"438",2021-03-13,119941057,455604,2755595,8609,1.05,231008445,8041760100
"439",2021-03-14,120306129,365072,2761513,5921,1.05,234319777,8041870896
"440",2021-03-15,120660239,354110,2769076,7563,1.05,245295814,8041870896
"441",2021-03-16,121127269,467030,2779697,10621,1.06,251647516,8041870896
"442",2021-03-17,121672988,545719,2790287,10590,1.06,263871856,8041870896
"443",2021-03-18,122220919,547931,2801007,10720,1.05,271801322,8041870896
"444",2021-03-19,122783460,562541,2811826,10819,1.05,275106406,8041870896
"445",2021-03-20,123281890,498430,2820612,8786,1.05,286909948,8041870896
"446",2021-03-21,123722354,440464,2829167,8555,1.05,281660161,8041870896
"447",2021-03-22,124143543,423403,2837134,7967,1.05,296336392,8041870896
"448",2021-03-23,124649417,505874,2848591,11457,1.05,294256582,8041870896
"449",2021-03-24,125279125,631709,2859264,10673,1.05,312954029,8041870896
"450",2021-03-25,125931317,652192,2870818,11554,1.05,314780608,8041870896
"451",2021-03-26,126571354,640037,2883591,12773,1.06,327319288,8041870896
"452",2021-03-27,127155879,584525,2893802,10211,1.06,321150138,8041870896
"453",2021-03-28,127648533,492654,2901086,7284,1.05,310821366,8041870896
"454",2021-03-29,128107838,459305,2909751,8665,1.04,345215882,8041870896
"455",2021-03-30,128670044,562206,2921655,11908,1.05,350611442,8041870896
"456",2021-03-31,129343948,673904,2934583,12928,1.04,372991930,8041870896
"457",2021-04-01,130053772,709824,2946886,12303,1.04,374968225,8041870896
"458",2021-04-02,130698574,644802,2957533,10647,1.03,382002361,8041870896
"459",2021-04-03,131238911,540337,2966873,9340,1.03,389120230,8041870896
"460",2021-04-04,131798833,559922,2974302,7429,1.03,392656879,8041870896
"461",2021-04-05,132295849,497016,2982556,8254,1.02,411164004,8041870896
"462",2021-04-06,132903336,607487,2995013,12457,1.02,411447698,8041870896
"463",2021-04-07,133566493,663157,3010375,15362,1.02,433767027,8041870896
"464",2021-04-08,134402548,836055,3024680,14305,1.02,444862600,8041883587
"465",2021-04-09,135149872,752184,3039026,14346,1.02,449969535,8041883587
"466",2021-04-10,135820497,670625,3052034,13008,1.01,455330894,8041883587
"467",2021-04-11,136530103,709606,3061156,9122,1.01,461033903,8041883587
"468",2021-04-12,137143976,613873,3071061,9905,1.01,472344586,8041883587
"469",2021-04-13,137907777,763801,3084857,13796,1.01,482105338,8041883587
"470",2021-04-14,138719110,811333,3098951,14094,1.01,485780680,8041883587
"471",2021-04-15,139540331,821221,3112609,13658,1,502021102,8041883587
"472",2021-04-16,140400202,859871,3125988,13379,1,505865099,8041883587
"473",2021-04-17,141194160,794011,3138603,12615,0.99,499747947,8041883587
"474",2021-04-18,141894267,700107,3147739,9136,0.99,508945486,8041883587
"475",2021-04-19,142585234,690967,3158873,11134,0.99,524818501,8041883587
"476",2021-04-20,143424706,839472,3173167,14294,0.99,433386317,8041990454
"477",2021-04-21,144313969,889263,3187922,14755,0.99,541729581,8041990454
"478",2021-04-22,145213341,899372,3201845,13923,0.99,555625894,8041990454
"479",2021-04-23,146121023,907690,3217105,15260,0.99,449782541,8041990454
"480",2021-04-24,146945233,824210,3230237,13132,0.98,424934667,8041990454
"481",2021-04-25,147673712,728479,3241010,10773,0.965,569021074,8041990454
"482",2021-04-26,148362783,689071,3252643,11633,0.96,572671429,8041990454
"483",2021-04-27,149201868,839085,3267644,15001,0.96,576236528,8042001789
"484",2021-04-28,150100692,898824,3283590,15946,0.94,600741598,8042001789
"485",2021-04-29,150994730,894038,3299330,15740,0.94,600033555,8042001789
"486",2021-04-30,151886109,891379,3313753,14423,0.93,594168484,8042001789
"487",2021-05-01,152681007,794898,3326793,13040,0.92,600554856,8042001789
"488",2021-05-02,153368276,687269,3337119,10326,0.91,607336081,8042001789
"489",2021-05-03,154058733,690457,3348804,11685,0.92,619785090,8042001789
"490",2021-05-04,154843680,784947,3362896,14092,0.92,624364122,8042001789
"491",2021-05-05,155685702,842022,3377801,14905,0.92,640575336,8042001789
"492",2021-05-06,156558533,872831,3392377,14576,0.92,640436103,8042001789
"493",2021-05-07,157393372,834839,3406843,14469,0.92,652598454,8042045981
"494",2021-05-08,158181661,788289,3420172,13329,0.91,645364253,8042045981
"495",2021-05-09,158831065,649405,3430646,10474,0.92,647414886,8042045981
"496",2021-05-10,159456725,625660,3441738,11092,0.92,653280287,8042045981
"497",2021-05-11,160182519,725811,3455909,14171,0.92,682021764,8042045981
"498",2021-05-12,160950019,767500,3470049,14140,0.92,677822155,8042045981
"499",2021-05-13,161684708,734689,3483489,13440,0.92,685196454,8042045981
"500",2021-05-14,162394292,709584,3496517,13028,0.91,673122696,8042045981
"501",2021-05-15,163025890,631598,3508801,12284,0.9,674451472,8042045981
"502",2021-05-16,163572511,546621,3519103,10302,0.91,714837152,8042045981
"503",2021-05-17,164116052,543541,3530433,11330,0.92,722489947,8042045981
"504",2021-05-18,164735680,621992,3544510,14077,0.93,725019847,8042177218
"505",2021-05-19,165407751,672071,3557967,13457,0.93,729956566,8042177218
"506",2021-05-20,165690045,631140,3571146,13179,0.93,752076957,8042177218
"507",2021-05-21,166316531,626486,3584124,12978,0.94,604732302,8042194250
"508",2021-05-22,166888880,572349,3595569,11445,0.94,751857528,8042194250
"509",2021-05-23,167370498,481618,3605431,9862,0.94,767017687,8042194250
"510",2021-05-24,167821586,451089,3614581,9150,0.94,793421322,8042194250
"511",2021-05-25,168354983,533397,3627564,12983,0.95,794897683,8042194250
"512",2021-05-26,168923432,568449,3640370,12806,0.93,786639827,8042194250
"513",2021-05-27,169470318,546886,3653310,12940,0.91,781672917,8042194250
"514",2021-05-28,169975837,505519,3665331,12021,0.9,786159710,8042194250
"515",2021-05-29,170456261,480424,3676139,10808,0.91,796770461,8042194250
"516",2021-05-30,170846206,389945,3684539,8400,0.92,827410619,8042194250
"517",2021-05-31,171233260,387054,3693235,8696,0.92,840734348,8042194250
"518",2021-06-01,171693260,460000,3708449,10942,0.91,854885775,8042194250
"519",2021-06-02,172180883,487623,3720370,11921,0.91,864932244,8042194250
"520",2021-06-03,172661393,480510,3730530,10164,0.94,874497909,8042194250
"521",2021-06-04,173086308,424915,3741190,10660,0.94,853957923,8042194250
"522",2021-06-05,173482958,396650,3750601,9411,0.92,881849312,8042194250
"523",2021-06-06,173805938,322980,3757907,7306,0.91,879061758,8042194250
"524",2021-06-07,174127705,321767,3765985,8079,0.9,911790225,8042194250
"525",2021-06-08,174497811,370106,3776640,10655,0.9,929969268,8042194250
"526",2021-06-09,174916105,418294,3786823,10183,0.9,940781247,8042194250
"527",2021-06-10,175369603,453498,3802804,8607,0.9,1560966299,8042194250
"528",2021-06-11,175791644,422041,3814544,11740,0.91,931971452,8042194250
"529",2021-06-12,176160018,368374,3824353,9809,0.92,946897159,8042194250
"530",2021-06-13,176462814,302796,3833624,9271,0.92,976623649,8042194250
"531",2021-06-14,176772104,309290,3841618,7996,0.93,996645384,8042194250
"532",2021-06-15,177146863,374759,3852369,10751,0.935,985536836,8042194297
"533",2021-06-16,177536029,389166,3862451,10082,0.94,1014882698,8042194297
"534",2021-06-17,177932020,395991,3871750,9300,0.945,1026250182,8042194297
"535",2021-06-18,178335521,403501,3880944,9194,0.95,1007839384,8042194297
"536",2021-06-19,178683920,348399,3889124,8180,0.955,1014445864,8042194297
"537",2021-06-20,178987570,303650,3895892,6768,0.96,1063225746,8042194297
"538",2021-06-21,179284222,296652,3902875,6983,0.97,1036641898,8042198142
"539",2021-06-22,179694430,410208,3911863,8988,0.97,1069906444,8042198142
"540",2021-06-23,180091050,396620,3921209,9346,0.97,1091446494,8042198142
"541",2021-06-24,180500283,409233,3929868,8659,0.975,1110663574,8042198142
"542",2021-06-25,180917939,417656,3939102,9234,0.97,1091145599,8042198142
"543",2021-06-26,181280819,362880,3946645,7543,0.985,1099543698,8042198142
"544",2021-06-27,181592026,311207,3952739,6094,0.98,1163636326,8042198142
"545",2021-06-28,181925025,332999,3959300,6561,0.99,1181614092,8042198142
"546",2021-06-29,182306210,381185,3967460,8160,1,1183762883,8042198142
"547",2021-06-30,182705645,399458,3976666,9208,1,1198315391,8042198142
"548",2021-07-01,183141129,435484,3985207,8541,1,1210421964,8042198142
"549",2021-07-02,183583423,442294,3993580,8373,1.01,1188289902,8042198142
"550",2021-07-03,183957836,374413,4000497,6917,1.01,1173334471,8042198142
"551",2021-07-04,184286050,328214,4007144,6648,1.02,1269241318,8042198142
"552",2021-07-05,184662687,376637,4014513,7369,1.025,1268415871,8042198142
"553",2021-07-06,185113136,450449,4022997,8484,1.045,1252683176,8042198142
"554",2021-07-07,185578312,465176,4031551,8555,1.06,1299211919,8042198142
"555",2021-07-08,186060075,481763,4040471,8920,1.06,1284164873,8042198142
"556",2021-07-09,186573184,513109,4048885,8414,1.06,966874244,8042198142
"557",2021-07-10,186995051,421867,4055484,7289,1.075,1269477220,8042198142
"558",2021-07-11,187365522,370471,4063123,7639,1.075,1345996309,8042198142
"559",2021-07-12,187797852,432330,4071227,8104,1.075,1346821987,8042198142
"560",2021-07-13,188323354,525502,4079610,8383,1.08,1361257597,8042198142
"561",2021-07-14,188861132,537778,4088204,8597,1.08,1361363058,8042198142
"562",2021-07-15,189437350,576218,4096840,8636,1.09,1383878044,8042198142
"563",2021-07-16,190033006,595656,4105601,8761,1.1,1330259931,8042198142
"564",2021-07-17,190523244,490238,4113133,7532,1.1,1348666178,8042198142
"565",2021-07-18,190944300,421056,4119738,6605,1.105,1055388429,8042198142
"566",2021-07-19,191430646,486346,4126939,7201,1.09,1381213458,8042198142
"567",2021-07-20,191962785,532139,4147641,11916,1.1,1398607915,8042198142
"568",2021-07-21,192518604,555819,4156307,8666,1.1,1387882443,8042198142
"569",2021-07-22,193083536,564932,4165087,8780,1.1,1427215720,8042198142
"570",2021-07-23,193811468,727932,4173418,8331,1.1,1416155954,8042198142
"571",2021-07-24,194245074,492981,4182110,8692,1.105,1362679207,8042198142
"572",2021-07-25,194691898,446824,4189494,7384,1.11,1482238330,8042198142
"573",2021-07-26,195229073,537175,4197968,8474,1.115,1524402108,8042198142
"574",2021-07-27,195835221,606148,4207758,9791,1.11,1488737537,8042198142
"575",2021-07-28,196485163,649942,4217883,10125,1.1,1522050017,8042198142
"576",2021-07-29,197127912,642749,4228148,10265,1.1,1548393077,8042198142
"577",2021-07-30,197860177,732265,4237751,9604,1.095,1507045186,8042198142
"578",2021-07-31,198379730,519553,4246615,8864,1.085,1152378719,8042198142
"579",2021-08-01,198864781,485051,4254033,7418,1.075,1579758357,8042198142
"580",2021-08-02,199431343,566562,4262133,8100,1.06,1222367286,8042198142
"581",2021-08-03,200065453,634110,4272485,10352,1.065,1629762331,8042198142
"582",2021-08-04,200745938,680485,4282973,10494,1.06,1594276223,8042198142
"583",2021-08-05,201431449,685511,4293963,10991,1.07,1658667764,8042198142
"584",2021-08-06,202250827,819378,4304435,10476,1.085,1568903846,8042198142
"585",2021-08-07,202815195,564368,4313130,8700,1.08,1551415262,8042198142
"586",2021-08-08,203285960,470765,4320626,7496,1.08,1654948628,8042198142
"587",2021-08-09,203898682,612722,4329424,8798,1.07,1695428574,8042198142
"588",2021-08-10,204544273,645591,4340952,11528,1.06,1703867691,8042198142
"589",2021-08-11,205275008,730735,4351475,10523,1.06,1716516393,8042198142
"590",2021-08-12,205980650,705642,4361988,10513,1.055,1319092410,8042198142
"591",2021-08-13,206782536,801886,4372459,10471,1.065,1688057160,8042198142
"592",2021-08-14,207340967,558431,4381202,8743,1.045,1618262631,8042198142
"593",2021-08-15,207812294,471327,4388652,7451,1.03,1354039362,8042198142
"594",2021-08-16,208466230,653936,4398496,9844,1.035,1748138010,8042198142
"595",2021-08-17,209148761,682531,4409203,10707,1.03,1780239504,8042198142
"596",2021-08-18,209884441,735680,4420023,10820,1.03,1798031383,8042198142
"597",2021-08-19,210596018,711577,4431476,11453,1.03,1761087364,8042198142
"598",2021-08-20,211381325,785307,4441976,10500,1.03,1794151676,8042198142
"599",2021-08-21,211948335,567010,4450913,8937,1.02,1775676829,8042198142
"600",2021-08-22,212403372,455037,4458696,7783,1.01,1811810818,8042216226
"601",2021-08-23,213072286,668914,4468730,10034,1.01,1805748976,8042216226
"602",2021-08-24,213748971,676685,4479753,11023,1,1885709592,8042216226
"603",2021-08-25,214486387,737416,4491069,11316,0.99,1820223239,8042216226
"604",2021-08-26,215222754,736367,4502664,11595,0.99,2921186462,8042216226
"605",2021-08-27,215973847,751093,4513075,10411,0.99,1826033178,8042216226
"606",2021-08-28,216541311,567464,4521530,8455,0.98,1792925857,8042216226
"607",2021-08-29,216996465,455154,4528366,6836,0.985,1942902605,8042216226
"608",2021-08-30,217649572,653107,4537901,9535,0.98,1888341517,8042216226
"609",2021-08-31,218270072,620500,4547218,9598,0.97,1937673120,8042216226
"610",2021-09-01,218989330,719258,4559640,12422,0.97,1932425088,8042216226
"611",2021-09-02,219665941,678318,4570847,11207,0.96,1941947936,8042216226
"612",2021-09-03,220389594,723654,4581573,10726,0.96,1835314579,8042216226
"613",2021-09-04,220897011,507417,4589364,7791,0.96,1899033746,8042216226
"614",2021-09-05,221354328,457317,4595962,6600,0.96,2016825893,8042216226
"615",2021-09-06,221810721,456406,4604074,8112,0.96,3086392532,8042216226
"616",2021-09-07,222467120,656399,4614540,10469,0.95,1991852462,8042216226
"617",2021-09-08,223104922,637802,4624637,10097,0.95,1957375082,8042216226
"618",2021-09-09,223744988,640066,4635387,10750,0.95,2085980883,8042216226
"619",2021-09-10,224403801,658813,4644572,9185,0.95,2052025819,8042216226
"620",2021-09-11,224883367,479566,4652986,8415,0.935,1947494072,8042216226
"621",2021-09-12,225262027,378660,4658658,5672,0.945,2127793969,8042216226
"622",2021-09-13,225821377,559350,4667766,9108,0.94,2055591971,8042216226
"623",2021-09-14,226371109,549732,4677676,9910,0.93,2136002317,8042216226
"624",2021-09-15,226938126,568193,4688109,10433,0.93,2083054293,8042216226
"625",2021-09-16,227525410,587284,4698629,10520,0.92,2111769361,8042216226
"626",2021-09-17,228148677,623267,4707682,9053,0.92,2068883194,8042216226
"627",2021-09-18,228681347,407792,4714235,6553,0.92,3083679028,8042216226
"628",2021-09-19,229052034,370687,4720365,6130,0.92,2203878390,8042216226
"629",2021-09-20,229565996,513962,4728636,8301,0.925,2158258764,8042216226
"630",2021-09-21,230054598,488602,4737996,9360,0.91,2133115691,8042216226
"631",2021-09-22,230589644,535046,4747719,9723,0.905,2244463611,8042216226
"632",2021-09-23,231137204,547560,4757567,9848,0.91,2098770316,8042216226
"633",2021-09-24,231686492,549288,4766265,8698,0.905,2088948131,8042216226
"634",2021-09-25,232067603,381234,4771805,5540,0.9,2129929222,8042216226
"635",2021-09-26,232431139,363536,4777364,5559,0.89,2154171349,8042216226
"636",2021-09-27,232898936,467797,4785054,7690,0.895,2303010921,8042216226
"637",2021-09-28,233349813,450877,4794430,9376,0.89,2228704635,8042216226
"638",2021-09-29,233840880,491067,4803725,9295,0.89,2136657055,8042216226
"639",2021-09-30,234330690,489810,4812603,8878,0.88,2243672627,8042216226
"640",2021-10-01,234852732,522042,4821237,8634,0.885,2105076710,8042216226
"641",2021-10-02,235211823,359091,4827219,5982,0.885,2118881380,8042216226
"642",2021-10-03,235527005,315182,4831588,4369,0.89,2190648364,8042216226
"643",2021-10-04,235959406,432401,4838753,7165,0.89,2293648510,8042216226
"644",2021-10-05,236382152,422746,4846125,7372,0.9,2240727187,8042216226
"645",2021-10-06,236889272,507120,4855260,9135,0.91,2275122944,8042216226
"646",2021-10-07,237351004,461732,4864221,8969,0.9,2302010473,8042216226
"647",2021-10-08,237826467,475463,4871781,7773,0.9,2245835340,8042216226
"648",2021-10-09,238175423,348979,4876668,4887,0.9,2201015844,8042216226
"649",2021-10-10,238499424,324001,4881450,4782,0.905,2333030961,8042216226
"650",2021-10-11,238870932,371508,4887324,5875,0.91,2319121564,8042216226
"651",2021-10-12,239309037,438105,4895302,7978,0.92,2378338849,8042216226
"652",2021-10-13,239765497,456460,4904208,8906,0.92,2285693288,8042216226
"653",2021-10-14,240218770,454369,4912217,8009,0.925,2341706287,8042216226
"654",2021-10-15,240676800,458030,4919423,7206,0.94,2195603659,8042216226
"655",2021-10-16,241029013,352213,4924841,5419,0.94,2119934014,8042216226
"656",2021-10-17,241350923,321910,4929218,4378,0.94,2394747704,8042216226
"657",2021-10-18,241759053,408131,4935725,6508,0.94,2350623101,8042216226
"658",2021-10-19,242190537,431484,4943712,7987,0.94,2341492647,8042216226
"659",2021-10-20,242666865,476328,4952381,8669,0.95,2384533356,8042216226
"660",2021-10-21,243128799,461934,4960141,7760,0.95,2473092660,8042216226
"661",2021-10-22,243621617,492818,4968311,8170,0.955,2303198757,8042216226
"662",2021-10-23,244006906,385289,4974283,5973,0.955,2500592335,8042216226
"663",2021-10-24,244329773,322867,4978946,4663,0.96,2324896764,8042216226
"664",2021-10-25,244753247,423484,4985739,6793,0.955,2420912113,8042216226
"665",2021-10-26,245179595,426348,4993482,7743,0.95,2425930139,8042216226
"666",2021-10-27,245693596,514001,5002626,9144,0.96,2242516006,8042216226
"667",2021-10-28,246176521,482925,5011558,8932,0.96,2420981622,8042216226
"668",2021-10-29,246670645,494124,5019378,7820,0.955,2410797447,8042216226
"669",2021-10-30,247066639,395994,5025469,6091,0.965,2377794594,8042216226
"670",2021-10-31,247432262,365623,5030137,4668,0.965,2457292303,8042216226
"671",2021-11-01,247851416,419154,5036504,6367,0.95,2466815561,8042216226
"672",2021-11-02,248255706,404290,5043561,7057,0.95,2516524425,8042216226
"673",2021-11-03,248780477,524771,5052026,8465,0.95,2478082360,8042216226
"674",2021-11-04,249297862,517385,5059596,7570,0.94,2558313682,8042216226
"675",2021-11-05,249822092,524230,5068181,8585,0.95,2340629370,8042216226
"676",2021-11-06,250261693,439601,5074966,6785,0.945,2304958415,8042216226
"677",2021-11-07,250625821,364128,5079618,4652,0.95,2490124628,8042216226
"678",2021-11-08,251093222,467401,5086262,6645,0.95,2510739517,8042216226
"679",2021-11-09,251562453,469231,5094267,8005,0.95,2569787545,8042216226
"680",2021-11-10,252135956,573551,5102537,8270,0.94,2541984625,8042216226
"681",2021-11-11,252656578,521029,5110211,7674,0.94,2637319120,8042216226
"682",2021-11-12,253256182,599604,5119212,9002,0.94,2440605812,8042216226
"683",2021-11-13,253696776,440594,5125729,6517,0.94,2454335811,8042216226
"684",2021-11-14,254078324,381548,5130510,4781,0.945,2660989843,8042216226
"685",2021-11-15,254601215,522891,5137351,6841,0.94,2617639932,8042216226
"686",2021-11-16,255107903,506688,5144966,7615,0.94,2582242726,8042216226
"687",2021-11-17,255723068,615165,5154127,9161,0.95,2646418252,8042216226
"688",2021-11-18,256344503,621435,5162417,8291,0.95,2591335252,8042216226
"689",2021-11-19,256959007,614504,5170398,7981,0.95,3661596251,8042216226
"690",2021-11-20,257460705,501698,5176674,6276,0.95,2488449347,8042216226
"691",2021-11-21,257882945,422240,5181386,4712,0.96,2565298271,8042216226
"692",2021-11-22,258480871,597926,5188518,7132,0.95,2617904575,8042216226
"693",2021-11-23,259073185,574877,5196537,8026,0.95,2542987931,8042216226
"694",2021-11-24,259730518,657333,5205107,8570,0.96,2695463473,8042216226
"695",2021-11-25,260327869,597351,5212961,7854,0.96,2574715378,8042216226
"696",2021-11-26,260941254,613385,5219856,6895,0.96,2499930775,8042216226
"697",2021-11-27,261426905,485651,5226024,6168,0.97,2596024893,8042216226
"698",2021-11-28,261860884,433979,5231030,5006,0.97,2820949702,8042216226
"699",2021-11-29,262491540,630656,5238551,7521,0.97,2785575471,8042216226
"700",2021-11-30,263091644,600104,5246581,8030,0.98,2529689571,8042216226
"701",2021-12-01,263793747,702103,5255828,9247,0.985,2699439007,8042216226
"702",2021-12-02,264501047,707300,5265935,10107,0.99,2772802476,8042216226
"703",2021-12-03,265231566,730519,5274526,8591,0.995,2469397754,8042216226
"704",2021-12-04,265768151,536585,5280420,5896,0.99,2480735477,8042216226
"705",2021-12-05,266229635,461484,5287932,7512,0.99,2791450111,8042166652
"706",2021-12-06,266826773,597172,5294922,6990,0.98,2714257947,8042166652
"707",2021-12-07,267465741,638968,5302650,7728,0.98,2541138906,8042166652
"708",2021-12-08,268176874,711133,5310946,8299,0.98,2810949175,8042166652
"709",2021-12-09,268874901,698027,5319516,8570,0.98,2737077070,8042166652
"710",2021-12-10,269568278,693409,5327529,8013,0.985,2405706799,8042166652
"711",2021-12-11,270088593,520398,5333874,6345,0.98,2414122467,8042166652
"712",2021-12-12,270547573,458980,5338598,4724,0.99,2659871052,8042166652
"713",2021-12-13,271155083,607510,5344894,6296,1,2480145021,8042166652
"714",2021-12-14,271791577,636494,5352633,7739,1.01,2699691521,8042166652
"715",2021-12-15,272531676,740099,5361662,9029,1.025,2737730903,8042166652
"716",2021-12-16,273275523,743847,5369008,7346,1.025,2629556974,8042166652
"717",2021-12-17,274042953,767430,5376308,7300,1.045,2532446685,8042166652
"718",2021-12-18,274615366,572413,5382390,6083,1.05,2541339616,8042166652
"719",2021-12-19,275129431,514065,5386915,4525,1.05,2809309349,8042166652
"720",2021-12-20,275867221,737790,5393605,6690,1.07,2716987146,8042166652
"721",2021-12-21,276625527,758348,5401163,7498,1.08,2581716327,8042166652
"722",2021-12-22,277539871,914385,5411535,10372,1.105,2645981984,8042166652
"723",2021-12-23,278551359,1011488,5418793,7258,1.135,2538625046,8042166652
"724",2021-12-24,279442469,891139,5424856,6063,1.145,2556177969,8042166652
"725",2021-12-25,280146247,703778,5429325,4470,1.175,2263357668,8042166652
"726",2021-12-26,280731804,585584,5433242,3917,1.185,2445805049,8042166652
"727",2021-12-27,282005594,1273790,5439596,6354,1.21,2671861278,8042166652
"728",2021-12-28,283341487,1335893,5447280,7684,1.24,4046779857,8042166652
"729",2021-12-29,285045970,1704483,5455232,7953,1.25,2512667850,8042166652
"730",2021-12-30,286994688,1948718,5462654,7424,1.255,2705011765,8042166652
"731",2021-12-31,288738049,1743361,5469336,6097,1.265,2511954634,8042166652
"732",2022-01-01,289966776,1228727,5473791,4455,1.26,2451928160,8042166652
"733",2022-01-02,290897317,930541,5477189,3398,1.275,2685846307,8042166652
"734",2022-01-03,293254045,2356734,5483070,5881,1.305,2817066438,8042166652
"735",2022-01-04,295767551,2513506,5491147,8116,1.315,2723059229,8042166652
"736",2022-01-05,298351329,2583778,5498923,7776,1.315,2723123118,8042166652
"737",2022-01-06,301018713,2667384,5506541,7067,1.33,2691086840,8042166652
"738",2022-01-07,303972056,2953343,5513797,7256,1.315,3734439810,8042166652
"739",2022-01-08,306162836,2190780,5519269,5474,1.32,2554633296,8042166652
"740",2022-01-09,308203819,2040983,5523403,4134,1.32,2866329845,8042166652
"741",2022-01-10,311363253,3159434,5529974,6572,1.29,2895905858,8042166652
"742",2022-01-11,314392148,3028898,5539080,9106,1.275,2864580981,8042166652
"743",2022-01-12,317838861,3446713,5548104,9024,1.255,2843819725,8042166652
"744",2022-01-13,321024419,3185558,5556333,8229,1.25,2917992568,8042166652
"745",2022-01-14,324341019,3316600,5564300,7967,1.23,4212469461,8042166652
"746",2022-01-15,326846238,2505219,5570664,6364,1.225,2812485551,8042166652
"747",2022-01-16,329069598,2223360,5575220,4556,1.2,2929372602,8042166652
"748",2022-01-17,331715705,2646107,5581444,6224,1.18,2936500465,8042166652
"749",2022-01-18,335479965,3764260,5590550,9106,1.17,3031144806,8042166652
"750",2022-01-19,339563917,4083952,5600481,9931,1.14,2930678093,8042166652
"751",2022-01-20,343296200,3732283,5610121,9640,1.13,2879914385,8042166652
"752",2022-01-21,347127298,3831098,5620087,9966,1.12,4065217378,8042166652
"753",2022-01-22,349910385,2783087,5626287,6200,1.11,2769260396,8042166652
"754",2022-01-23,352377911,2467526,5631504,5217,1.105,2967662837,8042166652
"755",2022-01-24,355791450,3413539,5640187,8683,1.085,3194287108,8042166652
"756",2022-01-25,359445049,3653599,5650669,10710,1.06,2905348675,8042166652
"757",2022-01-26,363206690,3761641,5661385,10716,1.03,3026350296,8042166652
"758",2022-01-27,366905593,3698903,5671687,10302,1.03,2847229760,8042166652
"759",2022-01-28,370584545,3678952,5684034,12347,1.02,4144546627,8042166652
"760",2022-01-29,373335761,2751216,5692106,8072,1,2780926553,8042166652
"761",2022-01-30,375630766,2295005,5697713,5607,0.98,3002527847,8042166652
"762",2022-01-31,379183014,2733277,5707908,10198,0.96,2904730326,8042166652
"763",2022-02-01,382312207,3129193,5720594,12481,0.93,3039750533,8042166652
"764",2022-02-02,385496982,3184775,5732481,11887,0.91,3070648562,8042166652
"765",2022-02-03,388690163,3193181,5744118,11637,0.9,3001925162,8042166652
"766",2022-02-04,391645587,2955424,5757281,13163,0.88,3014987702,8042166652
"767",2022-02-05,393966131,2320544,5765664,8383,0.86,2707122847,8042166652
"768",2022-02-06,395861545,1895414,5771679,6015,0.85,3092933277,8042166652
"769",2022-02-07,398485145,2623600,5782589,10910,0.83,4300533982,8042166652
"770",2022-02-08,401084444,2599299,5795384,12795,0.81,3063272954,8042166652
"771",2022-02-09,403517292,2432848,5808512,13128,0.79,3144031289,8042166652
"772",2022-02-10,406331178,2813886,5820389,11877,0.78,3069680917,8042166652
"773",2022-02-11,408755911,2424733,5832370,11981,0.77,2989480358,8042166652
"774",2022-02-12,410690275,1934364,5841214,8844,0.76,2925864538,8042166652
"775",2022-02-13,412220907,1530632,5846543,5329,0.75,3192054915,8042166652
"776",2022-02-14,413929016,1708109,5857521,10978,0.745,3029112353,8042166652
"777",2022-02-15,415799647,1876163,5868174,10653,0.725,2896074882,8042166652
"778",2022-02-16,418039236,2242163,5881284,13110,0.71,3010868970,8042166652
"779",2022-02-17,420101213,2061977,5893497,12213,0.71,2770173333,8042166652
"780",2022-02-18,422084418,1983205,5904136,10639,0.72,4106510569,8042166652
"781",2022-02-19,423750424,1666006,5912702,8566,0.71,2892804941,8042166652
"782",2022-02-20,425061952,1311528,5918152,5450,0.7,2873613237,8042166652
"783",2022-02-21,426460327,1398375,5925430,7278,0.69,3012695158,8042166652
"784",2022-02-22,428133573,1673246,5935482,10052,0.69,2882234931,8042166652
"785",2022-02-23,430050546,1916973,5947468,11987,0.685,2846656576,8042166652
"786",2022-02-24,431838212,1787666,5958275,10807,0.68,2763983924,8042166652
"787",2022-02-25,433492278,1654066,5967341,9066,0.68,3995295208,8042166652
"788",2022-02-26,434941976,1449698,5974130,6789,0.665,2670874857,8042166652
"789",2022-02-27,436102021,1160062,5978885,4757,0.665,2858222805,8042166652
"790",2022-02-28,437427110,1325089,5986258,7373,0.665,3126995906,8042166652
"791",2022-03-01,439025179,1598069,5994733,8475,0.66,3008763211,8042166652
"792",2022-03-02,440683825,1658646,6002906,8173,0.66,2819045242,8042166652
"793",2022-03-03,442458691,1774866,6011080,8175,0.66,2700531181,8042166652
"794",2022-03-04,444220849,1762171,6019796,8716,0.665,2814354451,8042166652
"795",2022-03-05,445703329,1482480,6025692,5896,0.675,2953858491,8042166652
"796",2022-03-06,446929942,1226613,6029969,4278,0.68,3086713463,8042166652
"797",2022-03-07,448362202,1432260,6037527,7374,0.69,3053016035,8042166652
"798",2022-03-08,450102729,1740527,6044738,7211,0.685,3084215372,8042166652
"799",2022-03-09,451934740,1832011,6052610,7872,0.685,3213840712,8042166652
"800",2022-03-10,453805513,1871116,6060145,7535,0.685,3154400687,8042166652
"801",2022-03-11,455677859,1872346,6066354,6567,0.71,2702371573,8042166652
"802",2022-03-12,457475602,1797743,6071333,4979,0.72,2931486719,8042166652
"803",2022-03-13,458759825,1284223,6074933,3600,0.72,2747976606,8042166652
"804",2022-03-14,460373959,1614137,6080248,5315,0.73,4113954489,8042166652
"805",2022-03-15,462182525,1808566,6085866,5618,0.75,2984110299,8042166652
"806",2022-03-16,464418803,2236278,6092755,6889,0.76,2955211467,8042166652
"807",2022-03-17,466496365,2077562,6099840,6742,0.76,4137570762,8042166652
"808",2022-03-18,468387667,1891302,6105367,5527,0.76,4263305794,8042166652
"809",2022-03-19,470127265,1739598,6109442,4075,0.76,2876921446,8042166652
"810",2022-03-20,471219874,1092609,6112814,3372,0.77,3066209766,8042166652
"811",2022-03-21,472707834,1487960,6128908,4648,0.765,4236662653,8042166652
"812",2022-03-22,474684254,1976424,6133984,5076,0.76,2998366274,8042166652
"813",2022-03-23,476487784,1803530,6139966,5982,0.76,3021763037,8042166652
"814",2022-03-24,478268807,1781028,6145235,5294,0.76,4141317117,8042166652
"815",2022-03-25,480028038,1759231,6154184,8952,0.755,2963389959,8042166652
"816",2022-03-26,481404464,1376426,6157281,3097,0.76,2997374134,8042166652
"817",2022-03-27,482366433,961969,6159965,2684,0.77,3156980143,8042166652
"818",2022-03-28,483847189,1480756,6163918,3953,0.765,2983031328,8042166652
"819",2022-03-29,485598570,1751381,6168589,4938,0.765,3010096393,8042166652
"820",2022-03-30,487194454,1595884,6173517,4928,0.76,2865781274,8042166652
"821",2022-03-31,489010007,1815553,6178328,4811,0.765,4230256074,8042166652
"822",2022-04-01,490176197,1166246,6182887,4215,0.765,2325910583,8016097236
"823",2022-04-02,491245261,1069064,6185751,2864,0.765,1364002323,8016097236
"824",2022-04-03,492053562,808301,6187709,1958,0.76,1826992869,8016097236
"825",2022-04-04,492975098,921536,6190738,3029,0.765,2813595243,8016097236
"826",2022-04-05,494340120,1365022,6194902,4165,0.76,4298090193,8016097236
"827",2022-04-06,495761604,1421484,6199575,4478,0.755,3034700510,8016097236
"828",2022-04-07,497013299,1251695,6203879,4304,0.76,2881576590,8016097236
"829",2022-04-08,498162935,1149636,6207805,3926,0.77,2876574213,8016097236
"830",2022-04-09,498960660,797725,6210161,2356,0.77,2810617169,8016097236
"831",2022-04-10,499553069,592409,6211945,1784,0.77,2846045988,8016097236
"832",2022-04-11,500502780,949839,6214738,2793,0.77,4305680389,8016097236
"833",2022-04-12,501597948,1095168,6218081,3343,0.77,2946702902,8016097236
"834",2022-04-13,502660477,1062559,6222111,4030,0.75,3033268291,8016097236
"835",2022-04-14,503614357,956748,6225558,3464,0.745,2895720847,8016097236
"836",2022-04-15,504310635,704324,6228059,2501,0.745,2453043016,8016097236
"837",2022-04-16,504904864,594229,6229682,1623,0.75,1278837171,8016097236
"838",2022-04-17,505333107,428243,6231227,1545,0.75,2066664731,8016097236
"839",2022-04-18,505812875,479768,6232814,1587,0.75,4408465819,8016097236
"840",2022-04-19,506752277,939675,6235891,3077,0.775,3032592751,8016097236
"841",2022-04-20,507700789,949296,6240060,4169,0.795,3145298486,8016673241
"842",2022-04-21,508597744,896955,6243102,3083,0.79,2975594194,8016097236
"843",2022-04-22,509402767,805023,6245823,2707,0.79,2712951893,8016097236
"844",2022-04-23,509920295,517528,6247435,1612,0.78,1910819168,8016097236
"845",2022-04-24,510305720,385425,6248607,1172,0.78,2812581186,8016097236
"846",2022-04-25,510885565,579845,6250787,2180,0.785,3104339629,8016097236
"847",2022-04-26,511527811,642246,6254757,3970,0.79,3125273893,8016097236
"848",2022-04-27,512341869,814058,6258149,3393,0.785,4126615346,8016097236
"849",2022-04-28,513072740,730896,6261100,2958,0.78,4206468639,8016097236
"850",2022-04-29,513702809,630069,6263598,2498,0.785,2954734302,8016097236
"851",2022-04-30,514067815,365006,6265055,1457,0.765,2783207065,8016097236
"852",2022-05-01,514381259,313444,6266255,1206,0.76,2778522840,8016097236
"853",2022-05-02,514839160,457901,6268067,1814,0.76,2789294202,8016097236
"854",2022-05-03,515504588,665828,6270256,2205,0.775,2848972563,8016097236
"855",2022-05-04,516121369,616781,6273931,3675,0.785,2693005941,8016097236
"856",2022-05-05,516710028,588659,6276201,2270,0.805,3974210017,8016097236
"857",2022-05-06,517327881,617853,6278324,2123,0.82,3106140519,8016097236
"858",2022-05-07,517675337,347456,6279463,1139,0.825,2851658517,8016097236
"859",2022-05-08,517957525,282188,6280309,846,0.835,2917383671,8016097236
"860",2022-05-09,518671469,713944,6282218,1909,0.84,2758605981,8016097236
"861",2022-05-10,519302376,630907,6284229,2011,0.84,3029473083,8016097236
"862",2022-05-11,519988847,686471,6286431,2202,0.835,2897526592,8016097236
"863",2022-05-12,520621661,632814,6288382,1951,0.83,4042820135,8016097236
"864",2022-05-13,521187488,565827,6290250,1868,0.835,2841275071,8016097236
"865",2022-05-14,521631997,444509,6291215,966,0.835,2755388004,8042166652
"866",2022-05-15,522007946,375949,6291992,777,0.84,2998098846,8042166652
"867",2022-05-16,522614126,607087,6293638,1673,0.85,2945658136,8042166652
"868",2022-05-17,523208437,594602,6295451,1786,0.85,2558356423,8042166652
"869",2022-05-18,523955507,747070,6297823,2372,0.86,3000253901,8042166652
"870",2022-05-19,524541691,587740,6299519,1696,0.86,2793040626,8042166652
"871",2022-05-20,525161068,619377,6301503,1984,0.86,2937337103,8042166652
"872",2022-05-21,525532002,370934,6302578,1077,0.855,2872323130,8042166652
"873",2022-05-22,525849247,329301,6303189,689,0.845,4089533192,8042166652
"874",2022-05-23,526359238,539644,6304789,1601,0.84,2614729357,8042166652
"875",2022-05-24,526938541,579303,6306439,1655,0.85,2896253419,8042166652
"876",2022-05-25,527572834,634293,6309039,2600,0.86,2779656757,8042166652
"877",2022-05-26,528077212,508886,6310463,1510,0.845,4156327947,8042166652
"878",2022-05-27,528645286,568074,6312378,1916,0.84,2878675976,8042166652
"879",2022-05-28,528933509,288223,6313132,754,0.85,2930627661,8042166652
"880",2022-05-29,529210890,277381,6313751,619,0.86,2911594957,8042166652
"881",2022-05-30,529617077,406187,6314996,1245,0.88,2802959799,8042166652
"882",2022-05-31,530235657,618580,6316473,1477,0.865,2861592458,8042166652
"883",2022-06-01,530927721,692064,6318537,2064,0.87,4164985078,8042166652
"884",2022-06-02,531452331,524610,6320171,1634,0.88,2436323941,8042166652
"885",2022-06-03,531994285,541954,6321710,1539,0.9,2913030762,8042166652
"886",2022-06-04,532247277,252992,6322373,663,0.91,4011383282,8042166652
"887",2022-06-05,532513541,266264,6323186,813,0.92,2872224931,8042166652
"888",2022-06-06,532950124,436583,6324158,972,0.935,2659136167,8042166652
"889",2022-06-07,533600476,650352,6326236,2078,0.935,2855530072,8042166652
"890",2022-06-08,534300185,699709,6328775,2539,0.93,2845696974,8042166652
"891",2022-06-09,534865161,564976,6330323,1548,0.945,2401020655,8042166652
"892",2022-06-10,535409042,543881,6332000,1681,0.955,2612947737,8042166652
"893",2022-06-11,535692673,283727,6332914,914,0.96,2592088148,8042166652
"894",2022-06-12,535896187,203514,6333488,574,0.945,2830463761,8042166652
"895",2022-06-13,536459316,563129,6335225,1737,0.94,2700434807,8042166652
"896",2022-06-14,537302892,843576,6337047,1822,0.945,2561741580,8042166652
"897",2022-06-15,538021802,718910,6339018,1971,0.945,2794659858,8042166652
"898",2022-06-16,538543327,521525,6340821,1435,0.945,3969798050,8042166652
"899",2022-06-17,539128518,585191,6342121,1300,0.96,2824704739,8042166652
"900",2022-06-18,539357006,228488,6342764,643,0.98,2849581964,8042166652
"901",2022-06-19,539632359,275353,6343444,680,0.98,2912534587,8038742457
"902",2022-06-20,540422763,790404,6345111,1667,1,2553533983,8038642978
"903",2022-06-21,541235156,812393,6346744,1633,1.01,2987545933,8038642978
"904",2022-06-22,542041000,805844,6348777,2033,1.01,2780013852,8038642978
"905",2022-06-23,542813153,772153,6350570,1793,1.02,3979200376,8038642978
"906",2022-06-24,543571591,758438,6352350,1780,1.04,2864653632,8038642978
"907",2022-06-25,543888307,316716,6353133,783,1.04,2607005773,8038642978
"908",2022-06-26,544175685,287378,6353793,660,1.04,2655079297,8038642978
"909",2022-06-27,545100567,924882,6355294,1501,1.03,4182930476,8038642978
"910",2022-06-28,546034228,933661,6357286,1992,1.03,2480740303,8038642978
"911",2022-06-29,546964798,930570,6359043,1757,1.05,2748026401,8038642978
"912",2022-06-30,548023087,1058289,6360412,1645,1.03,2623161214,8038642978
"913",2022-07-01,548958533,935446,6362304,1892,1.03,2482347696,8038642978
"914",2022-07-02,549317737,359204,6363126,822,1.02,2695952947,8038642978
"915",2022-07-03,549678371,360634,6363863,738,1.02,2667164087,8038642978
"916",2022-07-04,550576740,898369,6365008,1145,1.02,2744403263,8038642978
"917",2022-07-05,551764762,1188022,6367236,2228,1.02,2682476805,8038642978
"918",2022-07-06,552995086,1230324,6369576,2340,1.01,2471831500,8038642978
"919",2022-07-07,554030315,1035229,6372287,2711,1,3813065933,8038642978
"920",2022-07-08,555013588,983273,6374596,2309,1,2433117318,8038642978
"921",2022-07-09,555517115,503527,6375588,992,1,1461797813,8038642978
"922",2022-07-10,555943243,426128,6376441,853,0.99,2614063456,8038642978
"923",2022-07-11,557052248,1109005,6378288,1848,0.98,2478903384,8038642978
"924",2022-07-12,558248189,1195941,6380672,2384,0.98,2372415434,8038642978
"925",2022-07-13,559699210,1451021,6383339,2667,0.98,2683259473,8038642978
"926",2022-07-14,560658831,959621,6385365,2026,0.98,2569817031,8038642978
"927",2022-07-15,561673378,1014547,6387710,2345,0.98,2459364096,8038642978
"928",2022-07-16,562226126,552748,6388775,1065,0.97,1623403133,8038642978
"929",2022-07-17,562685342,459216,6389761,986,0.96,1581489882,8038642978
"930",2022-07-18,563921457,1236115,6391813,2052,0.95,2424249687,8038642978
"931",2022-07-19,565446624,1525937,6394920,3107,0.94,2866739181,8038642978
"932",2022-07-20,567044135,1598535,6397865,2945,0.93,3630758145,8038642978
"933",2022-07-21,568169093,1124958,6400334,2469,0.94,2524519493,8038642978
"934",2022-07-22,569247832,1078746,6403229,2895,0.93,3731471974,8038642978
"935",2022-07-23,569884384,636552,6404484,1255,0.915,2290566813,8038642978
"936",2022-07-24,570435232,550848,6405514,1030,0.91,2599724482,8038642978
"937",2022-07-25,571462488,1027256,6407536,2022,0.91,2390854449,8038642978
"938",2022-07-26,572635570,1174717,6410444,2908,0.9,2712542199,8038642978
"939",2022-07-27,574044570,1409000,6413790,3347,0.9,2570371676,8038642978
"940",2022-07-28,575141046,1096476,6416521,2731,0.9,2338013032,8038642978
"941",2022-07-29,576497203,1356163,6419524,3003,0.885,2376191653,8038642978
"942",2022-07-30,577073245,576042,6420599,1075,0.875,2401782189,8038642978
"943",2022-07-31,577618640,545395,6421521,922,0.86,2185197163,8038642978
"944",2022-08-01,578528045,909405,6424010,2489,0.85,2425932655,8038642978
"945",2022-08-02,579703646,1175601,6426920,2916,0.85,2625464346,8038642978
"946",2022-08-03,580846127,1142481,6430092,3172,0.84,1496755064,8038642978
"947",2022-08-04,582284968,1045775,6433197,3105,0.84,2460365126,8038642978
"948",2022-08-05,583175981,891013,6436148,2951,0.835,2570456756,8038642978
"949",2022-08-06,584354138,1024063,6437847,1699,0.84,2437977744,8038642978
"950",2022-08-07,584851934,497796,6438787,940,0.84,2335451787,8038642978
"951",2022-08-08,585697729,845795,6441124,2337,0.835,2443106667,8038642978
"952",2022-08-09,586732051,1034322,6444722,3598,0.84,3982596312,8038642978
"953",2022-08-10,587746114,1014063,6447391,2669,0.84,2610701990,8038642978
"954",2022-08-11,588741273,995159,6450585,3194,0.83,2352366059,8038642978
"955",2022-08-12,589490148,748875,6453411,2826,0.83,2517077695,8038642978
"956",2022-08-13,590126563,636415,6454853,1442,0.82,2158845836,8038642978
"957",2022-08-14,590587235,460675,6455846,993,0.82,2667978691,8038642978
"958",2022-08-15,591460850,873615,6458251,2405,0.82,2479331859,8038642978
"959",2022-08-16,592547906,1087056,6461730,3479,0.82,2332868840,8038642978
"960",2022-08-17,593529715,981809,6464994,3264,0.81,2707133748,8038642978
"961",2022-08-18,594462387,932672,6467926,2932,0.81,2546111611,8038642978
"962",2022-08-19,595253511,791124,6470618,2692,0.81,2803671076,8038642978
"963",2022-08-20,595827777,574266,6471779,1161,0.8,2492173409,8038642978
"964",2022-08-21,596312272,484495,6473498,1719,0.79,2673936072,8038642978
"965",2022-08-22,597047539,735267,6474949,1639,0.79,2646797101,8038642978
"966",2022-08-23,597929274,882199,6477878,2930,0.78,2509021712,8038642978
"967",2022-08-24,598760953,831740,6480922,3044,0.78,2625066992,8038642978
"968",2022-08-25,599663165,902212,6483934,3012,0.78,2533142793,8038642978
"969",2022-08-26,600361209,698044,6486506,2572,0.77,2661466646,8038642978
"970",2022-08-27,600813777,452568,6487683,1177,0.77,2447378909,8038642978
"971",2022-08-28,601219930,406153,6488704,1021,0.77,2856914819,8038642978
"972",2022-08-29,601818443,598513,6490742,2038,0.78,2626635250,8038642978
"973",2022-08-30,602512090,693647,6493113,2393,0.78,2789380764,8038642931
"974",2022-08-31,603304849,792759,6496605,3492,0.78,2646385697,8038642931
"975",2022-09-01,603978949,674100,6499177,2572,0.77,2651259880,8038642931
"976",2022-09-02,604631887,652938,6501894,2717,0.77,2733537790,8038642931
"977",2022-09-03,605008468,376581,6502938,1044,0.77,2471873434,8038642931
"978",2022-09-04,605378795,370327,6504049,1111,0.77,2846684918,8038642931
"979",2022-09-05,605856872,478077,6505473,1424,0.77,2356583370,8032212154
"980",2022-09-06,606527752,670880,6507809,2336,0.76,2358960492,8032212154
"981",2022-09-07,607139543,611791,6510004,2204,0.74,3837520615,8032212154
"982",2022-09-08,607717336,577793,6512220,2216,0.73,2668595403,8032212154
"983",2022-09-09,608237188,519852,6514518,2300,0.74,2677735330,8032212154
"984",2022-09-10,608550378,313190,6515416,898,0.74,2464902022,8032212154
"985",2022-09-11,608864611,314233,6516200,784,0.75,2677600524,8032212154
"986",2022-09-12,609374488,510018,6517740,1541,0.75,2538851545,8032212154
"987",2022-09-13,609919385,544897,6519731,1992,0.74,2460919281,8032212154
"988",2022-09-14,610612973,706522,6522213,2538,0.74,2616506649,8032212154
"989",2022-09-15,611216232,603259,6524645,2432,0.74,2557229292,8032212154
"990",2022-09-16,611669712,453480,6526650,2005,0.74,2647062369,8032212154
"991",2022-09-17,611964774,295062,6527473,823,0.73,2515529002,8032212154
"992",2022-09-18,612219321,254547,6528057,584,0.72,2715886813,8032212154
"993",2022-09-19,612659903,440582,6529504,1447,0.72,2551116727,8032212154
"994",2022-09-20,613210020,550253,6531266,1762,0.72,2672067738,8032212154
"995",2022-09-21,613728428,518408,6533365,2099,0.7,2563337878,8032212154
"996",2022-09-22,614341809,613381,6535520,2155,0.72,2505225232,8032212154
"997",2022-09-23,614855729,513920,6537372,1852,0.72,2483147555,8032212154
"998",2022-09-24,615120861,265132,6538176,804,0.72,2529149907,8032212154
"999",2022-09-25,615343751,222890,6538683,507,0.73,2669555744,8032212154
"1000",2022-09-26,615808791,465066,6540089,1406,0.71,2633016358,8032212154
"1001",2022-09-27,616414823,606032,6541704,1615,0.72,2309257318,8032212154
"1002",2022-09-28,616947918,533095,6544033,2329,0.7,2640274173,8032212154
"1003",2022-09-29,617609393,661475,6546331,2299,0.7,2540617678,8032212154
"1004",2022-09-30,618059247,449854,6547777,1446,0.69,2394328445,8032212154
"1005",2022-10-01,618300157,240910,6548445,668,0.69,2138339922,8032212154
"1006",2022-10-02,618500747,200698,6549007,562,0.7,2113735031,8032212154
"1007",2022-10-03,618820414,319667,6550371,1364,0.71,2097602581,8032212154
"1008",2022-10-04,619480118,659704,6551983,1612,0.71,2342284014,8032212154
"1009",2022-10-05,620061581,581463,6554176,2197,0.7,2458394039,8032212154
"1010",2022-10-06,620743586,682005,6556163,1987,0.69,2275666403,8032210202
"1011",2022-10-07,621266206,522620,6557969,1806,0.7,2520544150,8032210202
"1012",2022-10-08,621485102,218896,6558677,708,0.71,2345297457,8032210202
"1013",2022-10-09,621703931,218829,6559307,630,0.7,2487955483,8032210202
"1014",2022-10-10,622207700,503769,6560677,1370,0.72,2283710402,8032210202
"1015",2022-10-11,622861966,654425,6562598,1921,0.72,2443229828,8032210202
"1016",2022-10-12,623420445,558479,6564477,1879,0.72,2200476528,8032210202
"1017",2022-10-13,624052056,631611,6566640,2163,0.73,1637436138,8032210202
"1018",2022-10-14,624506700,454644,6568274,1634,0.72,2463428365,8032210202
"1019",2022-10-15,624724689,217989,6569049,775,0.74,2331305889,8032210202
"1020",2022-10-16,624916726,192037,6569594,545,0.72,2559934175,8032210202
"1021",2022-10-17,625451598,534872,6571401,1807,0.69,2452882904,8032210202
"1022",2022-10-18,626060189,609212,6573282,1881,0.69,2383999092,8032210202
"1023",2022-10-19,626574522,515187,6575546,2265,0.67,2388284886,8032210202
"1024",2022-10-20,627145115,570617,6577652,2107,0.66,2559057576,8032210202
"1025",2022-10-21,627557872,412757,6579676,2024,0.66,2406447885,8032210202
"1026",2022-10-22,627740105,182233,6580290,614,0.66,2313915654,8032210202
"1027",2022-10-23,627900779,160674,6580880,590,0.69,2429088110,8032210202
"1028",2022-10-24,628327464,427306,6582264,1469,0.68,2495190527,8032210202
"1029",2022-10-25,628901491,574027,6584410,2146,0.69,2240207190,8032210202
"1030",2022-10-26,629352366,450875,6586903,2493,0.69,2368251282,8032210202
"1031",2022-10-27,629805567,460086,6588972,2069,0.67,2506105597,8032210202
"1032",2022-10-28,630155127,349560,6590436,1467,0.66,2313172637,8032210202
"1033",2022-10-29,630354108,198981,6591100,664,0.65,2118981224,8032210202
"1034",2022-10-30,630521275,167167,6591697,597,0.65,2294057140,8032210202
"1035",2022-10-31,630822182,301018,6592899,1202,0.63,1555846835,8032210202
"1036",2022-11-01,631205003,382821,6595667,2768,0.63,2557196241,8032210202
"1037",2022-11-02,631601720,396717,6597455,1789,0.65,2201006957,8032210202
"1038",2022-11-03,632072957,471237,6599699,2244,0.66,2322604421,8032210202
"1039",2022-11-04,632499053,426096,6601655,1956,0.64,3681882907,8032210202
"1040",2022-11-05,632700178,201125,6602264,609,0.65,2098117824,8032166010
"1041",2022-11-06,632886616,186438,6602805,541,0.675,2313001849,8032166010
"1042",2022-11-07,633213045,327895,6603988,1201,0.68,2104971216,8032166010
"1043",2022-11-08,633650309,437264,6605232,1244,0.67,2178523933,8032166010
"1044",2022-11-09,634074900,424591,6607344,2112,0.68,2455946077,8032166010
"1045",2022-11-10,634529932,455058,6609408,2064,0.675,2196349823,8032166010
"1046",2022-11-11,635012693,482761,6611066,1658,0.67,2321350988,8032166010
"1047",2022-11-12,635254980,242287,6611498,510,0.665,2065335822,8032166010
"1048",2022-11-13,635438232,183252,6611991,493,0.66,2197170147,8032166010
"1049",2022-11-14,635803117,366186,6613341,1350,0.66,2364180871,8032166010
"1050",2022-11-15,636297896,494779,6614379,1463,0.665,2204073847,8032166010
"1051",2022-11-16,636778389,480493,6616654,2275,0.635,2218228145,8032166010
"1052",2022-11-17,637251475,473654,6618653,2001,0.665,2315887979,8032166010
"1053",2022-11-18,637879235,627760,6620941,2291,0.665,2403123014,8032166010
"1054",2022-11-19,638126227,246992,6621369,428,0.655,2240948238,8032166010
"1055",2022-11-20,638348322,222095,6621885,516,0.615,2652697687,8032166010
"1056",2022-11-21,638705719,357397,6622945,1060,0.615,2294247743,8032166010
"1057",2022-11-22,639270976,565257,6624560,1826,0.615,2372641238,8032166010
"1058",2022-11-23,639865797,595088,6626673,2113,0.605,2409830602,8032166010
"1059",2022-11-24,640277711,411914,6628066,1393,0.575,2259405401,8032166010
"1060",2022-11-25,640969802,692091,6630043,1977,0.595,2235505992,8032166010
"1061",2022-11-26,641239844,270042,6630497,454,0.615,2379084306,8032166010
"1062",2022-11-27,641501766,261922,6631018,521,0.595,2544331603,8032166010
"1063",2022-11-28,641926761,425018,6632173,1155,0.595,3408665149,8032055214
"1064",2022-11-29,642651699,724938,6633673,1501,0.58,2307612587,8026589214
"1065",2022-11-30,643176841,525142,6635251,1609,0.57,2181791742,8023419214
"1066",2022-12-01,643903205,726364,6637528,2277,0.57,2027609488,7966869214
"1067",2022-12-02,644635342,732493,6639700,2172,NA,1875288949,7964973214
"1068",2022-12-03,644934013,298671,6640245,545,NA,1951149446,7964973214
"1069",2022-12-04,645190077,256069,6640822,577,NA,2314855920,7964973214
"1070",2022-12-05,645707948,517871,6642236,1414,NA,1966739985,7964590378
"1071",2022-12-06,646278966,582710,6644628,2392,NA,1566070681,7964907992
